resi	resn	x	y	z
1	C	8.496842362597661	2.0314491546761375	-0.12431207949918567
2	C	9.684763948539954	1.8213438474386834	-0.8194110415881606
3	C	9.949676757812822	0.5709898379203919	-1.39579592684389
4	C	9.002917688415831	-0.4555200527339006	-1.2325783240472705
5	N	7.8308294880288845	-0.23299016250248672	-0.5605783328713161
6	C	7.574871952011609	0.9927346266489421	-0.007256327180143188
7	C	6.859146769030048	-1.3312365865425542	-0.4095173213609729
8	C	6.879025890154375	-1.8930799599100037	1.011304562411136
9	C	5.436723192607021	-2.294326914945929	1.2215490169075858
10	C	4.697240148441513	-1.2844989101634876	0.332482345492415
11	O	5.552843803749526	-0.8817071248842026	-0.7181151791561534
12	C	3.3704183126326535	-1.8092678247452127	-0.2287658177260331
13	O	2.698297561209385	-0.7649548858596599	-0.8947105217091827
14	P	1.2094338335321932	-1.3701719000598669	-1.4713478478667585
15	O	1.4742684133117876	-2.412314968603295	-2.5350329947337844
16	O	0.3305748743862007	-0.10136563138275992	-2.169394294930347
17	O	0.33335187432135066	-2.0925985302444707	-0.20150746301376704
18	P	-0.3590891476538308	-0.8454208333943282	0.7278883923065661
19	O	-0.6689438852713592	-1.3953605908454387	2.103113433851733
20	O	0.6983835906012028	0.46988496739897667	0.890707569179687
21	O	-1.8131187110779126	-0.35467169667395737	-0.01565937727343421
22	C	-2.287484303515443	0.8004751835666764	0.636984690449694
23	C	-3.6966085486940847	1.118294384607487	0.11994065573493
24	C	-4.258974385379238	2.449367300744909	0.6264879881575207
25	C	-5.749687613656335	2.1938617491752077	0.6005590709932837
26	C	-5.819882114575846	0.6806979014371715	0.8348868289301551
27	O	-4.589128696617358	0.08665499840507651	0.4763826019456307
28	N	-6.906722901428558	0.0678627102209583	0.06642431976066661
29	C	-7.065374343691088	0.036150296746040186	-1.2835129657986006
30	N	-8.167071006701798	-0.6584683398102118	-1.6812982446053153
31	C	-8.693670089037841	-1.075692841326873	-0.5129312804653057
32	C	-9.823828059833671	-1.8506085273346957	-0.2786222724547166
33	N	-10.120571538929308	-2.1611014348761164	1.019125561236915
34	C	-9.33593340958674	-1.7238512199592453	2.0557045532159233
35	N	-8.231557510845603	-0.9556235422465975	1.814309464304266
36	C	-7.9396628573258	-0.6503735426606526	0.5258842780279386
37	N	-10.650978399535402	-2.316620618202063	-1.3447542391567344
38	O	-6.4049268212858665	2.8985134405695456	1.641144308016613
39	P	-7.834431338383196	3.620183943253306	1.050452997832598
40	O	-7.476563936772331	4.757777167853979	0.12223747107876969
41	O	-8.723609874496018	4.229795086070584	2.3543764255958304
42	O	-8.773464143547978	2.4828243936630114	0.21963205574421404
43	O	-3.794683971684743	2.7827555506354145	1.918893856021867
44	O	5.196738605894912	-3.6346016695562597	0.8449025959776847
45	O	7.759981562257608	-2.9818758721533087	1.1133941413287063
46	C	11.20132999288967	0.3163567870359938	-2.1518800921448893
47	O	11.611899787247594	-0.8675769262262424	-2.298683678653519
48	N	11.953825569331292	1.3808900944507954	-2.7383942816335884
49	H	8.29402206301057	2.9941803571312087	0.3289163619663058
50	H	10.398102504041178	2.62999202670892	-0.8793650579023717
51	H	9.202418080025327	-1.4316065620143392	-1.661543463214693
52	H	6.655357644160044	1.171877047378011	0.5385257036919612
53	H	7.091594118601595	-2.1533574617183784	-1.125900926291843
54	H	7.157263883442465	-1.1003323096729187	1.7456253763566718
55	H	5.14589564241813	-2.1658147938045236	2.2882193078391966
56	H	4.471934403526475	-0.38524436919255733	0.9496555297945588
57	H	2.7642842012152435	-2.1829127355383946	0.6276053253137182
58	H	3.578353123642259	-2.644484563111385	-0.9343671577053791
59	H	-0.4716331757789125	-0.533621378897524	-2.5585466891196735
60	H	1.4494095527113018	0.12736232786071514	1.4367169086967726
61	H	-1.622092526008327	1.6631934920121623	0.40823390214852256
62	H	-2.340026172106757	0.6446298494782464	1.7394740855400002
63	H	-3.6521546594424	1.1627266264056633	-0.9918166372954987
64	H	-3.9908971801535458	3.2755281525713764	-0.06958900813076388
65	H	-6.104465007284159	2.450215771419989	-0.42844415594948926
66	H	-5.980047200729982	0.485462039915096	1.9194775819566718
67	H	-6.382050233848922	0.5075318812880375	-1.977948438316147
68	H	-9.597223987276756	-1.9846631508356944	3.0718096354710656
69	H	-10.442556281071042	-2.067493617607502	-2.337266069519823
70	H	-11.478283129672931	-2.9181311760124933	-1.1383658901696114
71	H	-8.850579013895633	3.454553974224674	2.9589263580220906
72	H	-9.610465432089791	2.9610947068433853	-0.010691332801147911
73	H	-4.0778383069527075	2.0685621731582224	2.5506893723962087
74	H	5.501089771332157	-3.7564274588997617	-0.09345561058505418
75	H	7.82222834378672	-3.2006644947860523	2.0805045861563523
76	H	12.854612670626466	1.1745545565678386	-3.227925078449993
77	H	11.596327934301616	2.3603067744531034	-2.762399212143358
